Time,ServoPulse,MeasuredForce,FSR1,FSR2,FSR3,FSR4,FSR5,FSR6,FSR7,FSR8
0.05250835418701172,1000,0.0,0,0,0,0,0,0,0,0
0.11300492286682129,1001,0.0,0,0,0,0,0,0,0,0
0.175004243850708,1002,0.0,0,0,0,0,0,0,0,0
0.23700404167175293,1003,0.0,0,0,0,0,0,0,0,0
0.29918384552001953,1004,0.0,0,0,0,0,0,0,0,0
0.3616349697113037,1005,0.0,0,0,0,0,0,0,0,0
0.4229588508605957,1006,0.0,0,0,0,0,0,0,0,0
0.4848017692565918,1007,0.0,0,0,0,0,0,0,0,0
0.5465798377990723,1008,0.0,0,0,0,0,0,0,0,0
0.6079938411712646,1009,0.0,0,0,0,0,0,0,0,0
0.6688227653503418,1010,0.0,0,0,0,0,0,0,0,0
0.7303884029388428,1011,0.0,0,0,0,0,0,0,0,0
0.7915115356445312,1012,0.0,0,0,0,0,0,0,0,0
0.8532135486602783,1013,0.0,0,0,0,0,0,0,0,0
0.9145517349243164,1014,0.0,0,0,0,0,0,0,0,0
0.9766738414764404,1015,0.0,0,0,0,0,0,0,0,0
1.0385828018188477,1016,0.0,0,0,0,0,0,0,0,0
1.1005828380584717,1017,0.0,0,0,0,0,0,0,0,0
1.162581443786621,1018,0.0,0,0,0,0,0,0,0,0
1.2240817546844482,1019,0.0,0,0,0,0,0,0,0,0
1.2865855693817139,1020,0.0,0,0,0,0,0,0,0,0
1.3480865955352783,1021,0.0,0,0,0,0,0,0,0,0
1.4104373455047607,1022,0.0,0,0,0,0,0,0,0,0
1.4736735820770264,1023,0.0,0,0,0,0,0,0,0,0
1.5340328216552734,1024,0.0,0,0,0,0,0,0,0,0
1.5960190296173096,1025,0.0,0,0,0,0,0,0,0,0
1.6572906970977783,1026,0.0,0,0,0,0,0,0,0,0
1.7189319133758545,1027,0.0,0,0,0,0,0,0,0,0
1.781822681427002,1028,0.0,0,0,0,0,0,0,0,0
1.8418376445770264,1029,0.0,0,0,0,0,0,0,0,0
1.9028551578521729,1030,0.0,0,0,0,0,0,0,0,0
1.9645473957061768,1031,0.0,0,0,0,0,0,0,0,0
2.0266242027282715,1032,0.0,0,0,0,0,0,0,0,0
2.0878477096557617,1033,0.0,0,0,0,0,0,0,0,0
2.1504411697387695,1034,0.0,0,0,0,0,0,0,0,0
2.2108049392700195,1035,0.0,0,0,0,0,0,0,0,0
2.272406578063965,1036,0.0,0,0,0,0,0,0,0,0
2.3337161540985107,1037,0.0,0,0,0,0,0,0,0,0
2.395918607711792,1038,0.0,0,0,0,0,0,0,0,0
2.4579319953918457,1039,0.0,0,0,0,0,0,0,0,0
2.519930601119995,1040,0.0,0,0,0,0,0,0,0,0
2.581568479537964,1041,0.0,0,0,0,0,0,0,0,0
2.643306016921997,1042,0.0,0,0,0,0,0,0,0,0
2.7047736644744873,1043,0.0,0,0,0,0,0,0,0,0
2.7665252685546875,1044,0.0,0,0,0,0,0,0,0,0
2.8287582397460938,1045,0.0,0,0,0,0,0,0,0,0
2.889836072921753,1046,0.0,0,0,0,0,0,0,0,0
2.9520609378814697,1047,0.0,0,0,0,0,0,0,0,0
3.0145530700683594,1048,0.0,0,0,0,0,0,0,0,0
3.0751585960388184,1049,0.0,0,0,0,0,0,0,0,0
3.13798189163208,1050,0.0,0,0,0,0,0,0,0,0
3.199770212173462,1051,0.0,0,0,0,0,0,0,0,0
3.2605552673339844,1052,0.0,0,0,0,0,0,0,0,0
3.323720693588257,1053,0.0,0,0,0,0,0,0,0,0
3.3841710090637207,1054,0.0,0,0,0,0,0,0,0,0
3.446061372756958,1055,0.0,0,0,0,0,0,0,0,0
3.5072929859161377,1056,0.0,0,0,0,0,0,0,0,0
3.569108247756958,1057,0.0,0,0,0,0,0,0,0,0
3.6308114528656006,1058,0.0,0,0,0,0,0,0,0,0
3.6928186416625977,1059,0.0,0,0,0,0,0,0,0,0
3.7554008960723877,1060,0.0,0,0,0,0,0,0,0,0
3.8176605701446533,1061,0.0525310195203767,0,0,0,0,0,0,0,18
3.8778462409973145,1062,0.049158519935590894,0,0,0,0,0,0,0,0
3.939662218093872,1063,0.046002725823100575,0,0,0,0,0,0,0,0
4.000396013259888,1064,0.04304967805153624,0,0,0,0,0,0,0,0
4.062079668045044,1065,0.04028632286724317,0,0,0,0,0,0,0,0
4.125165700912476,1066,0.03770045205697272,0,0,0,0,0,0,0,0
4.187020540237427,1067,0.03528064726476069,0,0,0,0,0,0,0,0
4.24773097038269,1068,0.03301622813953286,0,0,0,0,0,0,0,0
4.309785604476929,1069,0.030897204021040257,0,0,0,0,0,0,0,0
4.3707435131073,1070,0.0289142288989248,0,0,0,0,0,0,0,0
4.432266473770142,1071,0.027058559403637918,0,0,0,0,0,0,0,0
4.494054794311523,1072,0.02532201560907008,0,0,0,0,0,0,0,0
4.555929183959961,1073,0.023696944445503795,0,0,0,0,0,0,0,0
4.61706805229187,1074,0.022176185538215657,0,0,0,0,0,0,0,0
4.679385423660278,1075,0.02075303930200741,0,0,0,0,0,0,0,0
4.740118980407715,1076,0.019421237135379212,0,0,0,0,0,0,0,0
4.801443099975586,1077,0.018174913570169544,0,0,0,0,0,0,0,0
4.863734245300293,1078,0.01700858024344375,0,0,0,0,0,0,0,0
4.924847602844238,1079,0.01591710156835925,0,0,0,0,0,0,0,0
4.986268758773804,1080,0.014895671989790658,0,0,0,0,0,0,0,0
5.049496412277222,1081,0.013939794718765337,0,0,0,0,0,0,0,0
5.109602451324463,1082,0.01304526184732719,0,0,0,0,0,0,0,0
5.171249628067017,1083,0.012208135752389366,0,0,0,0,0,0,0,0
5.232995510101318,1084,0.011424731703520177,0,0,0,0,0,0,0,0
5.295550584793091,1085,0.01069160159548732,0,0,0,0,0,0,0,0
5.355512380599976,1086,0.010005518731812577,0,0,0,0,0,0,0,0
5.417805910110474,1087,0.009363463590605442,0,0,0,0,0,0,0,0
5.479145288467407,1088,0.008762610508587244,0,0,0,0,0,0,0,0
5.5406060218811035,1089,0.008200315223520507,0,0,0,0,0,0,0,0
5.602949380874634,1090,0.007674103219250923,0,0,0,0,0,0,0,0
5.663434982299805,1091,0.007181658821277519,0,0,0,0,0,0,0,0
5.724486351013184,1092,0.006720814994213773,0,0,0,0,0,0,0,0
5.785735368728638,1093,0.006289543795709416,0,0,0,0,0,0,0,0
5.848894357681274,1094,0.005885947444388379,0,0,0,0,0,0,0,0
5.909388542175293,1095,0.005508249962139732,0,0,0,0,0,0,0,0
5.971041679382324,1096,0.005154789353690937,0,0,0,0,0,0,0,0
6.0324859619140625,1097,0.0048240102888103265,0,0,0,0,0,0,0,0
6.09455132484436,1098,0.004514457254741196,0,0,0,0,0,0,0,0
6.156388759613037,1099,0.004224768148574826,0,0,0,0,0,0,0,0
6.218435049057007,1100,0.003953668281235018,0,0,0,0,0,0,0,0
6.278844594955444,1101,0.0036999647665819364,0,0,0,0,0,0,0,0
6.340012788772583,1102,0.0034625412708573808,0,0,0,0,0,0,0,0
6.401977062225342,1103,0.003240353099295349,0,0,0,0,0,0,0,0
6.463193416595459,1104,0.003032422598218564,0,0,0,0,0,0,0,0
6.524044990539551,1105,0.002837834852340687,0,0,0,0,0,0,0,0
6.585962772369385,1106,0.0026557336583017694,0,0,0,0,0,0,0,0
6.6492321491241455,1107,0.0024853177566872406,0,0,0,0,0,0,0,0
6.708980560302734,1108,0.008159386258625036,0,0,0,0,0,0,0,2
6.771956205368042,1109,0.007635806358598665,0,0,0,0,0,0,0,0
6.833325386047363,1110,0.017500642420712725,6,0,0,0,0,0,0,0
6.894389390945435,1111,0.01637764342497027,0,0,0,0,0,0,0,0
6.95599365234375,1112,0.015326706264678506,0,0,0,0,0,0,0,0
7.017394065856934,1113,0.014343206779458108,0,0,0,0,0,0,0,0
7.079396963119507,1114,0.013422817541352829,0,0,0,0,0,0,0,0
7.140895366668701,1115,0.012561488812946196,0,0,0,0,0,0,0,0
7.203197717666626,1116,0.011755430727533156,0,0,0,0,0,0,0,0
7.265746116638184,1117,0.011001096612900331,0,0,0,0,0,0,0,0
7.325718641281128,1118,0.010295167385307495,0,0,0,0,0,0,0,0
7.387686014175415,1119,0.009634536944977554,0,0,0,0,0,0,0,0
7.450230360031128,1120,0.009016298508813667,0,0,0,0,0,0,0,0
7.5119788646698,1121,0.008437731820189845,0,0,0,0,0,0,0,0
7.573857069015503,1122,0.007896291179523651,0,0,0,0,0,0,0,0
7.6346518993377686,1123,0.0073895942429536825,0,0,0,0,0,0,0,0
7.696539402008057,1124,0.006915411539826315,0,0,0,0,0,0,0,0
7.757947683334351,1125,0.006471656662860689,0,0,0,0,0,0,0,0
7.819461107254028,1126,0.0060563770878221505,0,0,0,0,0,0,0,0
7.883012294769287,1127,0.0056677455823053655,0,0,0,0,0,0,0,0
7.943365573883057,1128,0.005304052165821378,0,0,0,0,0,0,0,0
8.004990816116333,1129,0.004963696585809399,0,0,0,0,0,0,0,0
8.066271305084229,1130,0.0046451812764648414,0,0,0,0,0,0,0,0
8.12746787071228,1131,0.004347104769400035,0,0,0,0,0,0,0,0
8.188724279403687,1132,0.004068155527142549,0,0,0,0,0,0,0,0
8.250001192092896,1133,0.0038071061723368997,0,0,0,0,0,0,0,0
8.312407732009888,1134,0.0035628080872567988,0,0,0,0,0,0,0,0
8.374040126800537,1135,0.0033341863598647125,0,0,0,0,0,0,0,0
8.436552286148071,1136,0.0031202350541805,0,0,0,0,0,0,0,0
8.497709512710571,1137,0.002920012784148026,0,0,0,0,0,0,0,0
8.559316635131836,1138,0.0027326385715241543,0,0,0,0,0,0,0,0
8.62154507637024,1139,0.002557287969564352,0,0,0,0,0,0,0,0
8.68320107460022,1140,0.002393189435448714,0,0,0,0,0,0,0,0
8.745752096176147,1141,0.0022396209354867513,0,0,0,0,0,0,0,0
8.80619502067566,1142,0.0020959067681635786,0,0,0,0,0,0,0,0
8.86772871017456,1143,0.0019614145910486786,0,0,0,0,0,0,0,0
8.929463386535645,1144,0.0018355526384854631,0,0,0,0,0,0,0,0
8.9916353225708,1145,0.0017177671178193147,0,0,0,0,0,0,0,0
9.052529335021973,1146,0.00160753977270739,0,0,0,0,0,0,0,0
9.114814281463623,1147,0.001504385602788651,0,0,0,0,0,0,0,0
9.175718545913696,1148,0.001407850729680585,0,0,0,0,0,0,0,0
9.237645149230957,1149,0.0013175103999129379,0,0,0,0,0,0,0,0
9.299269914627075,1150,0.0012329671160113092,0,0,0,0,0,0,0,0
9.360331058502197,1151,0.001153848887507335,0,0,0,0,0,0,0,0
9.422770500183105,1152,0.0010798075941798647,0,0,0,0,0,0,0,0
9.48478651046753,1153,0.0010105174543253625,0,0,0,0,0,0,0,0
9.547147989273071,1154,0.0009456735913179003,0,0,0,0,0,0,0,0
9.608624696731567,1155,0.0008849906921515837,0,0,0,0,0,0,0,0
9.669879913330078,1156,0.0008282017520629819,0,0,0,0,0,0,0,0
9.732108116149902,1157,0.000775056899709887,0,0,0,0,0,0,0,0
9.79212212562561,1158,0.0007253222977371771,0,0,0,0,0,0,0,0
9.854084491729736,1159,0.000678779113892264,0,0,0,0,0,0,0,0
9.915936470031738,1160,0.1752656510247268,0,0,0,0,0,0,6,0
9.978289127349854,1161,0.22235446105135429,0,0,0,0,0,0,2,0
10.039738893508911,1162,0.20808620459836702,0,0,0,0,0,0,0,0
10.10071611404419,1163,0.19473352744860878,0,0,0,0,0,0,0,0
10.16146993637085,1164,0.18223767782208006,0,0,0,0,0,0,0,0
10.223401546478271,1165,0.17054367397998108,0,0,0,0,0,0,0,0
10.284976959228516,1166,0.15960006230504348,0,0,0,0,0,0,0,0
10.347283601760864,1167,0.14935869090559997,0,0,0,0,0,0,0,0
10.408518075942993,1168,0.1397744977472491,0,0,0,0,0,0,0,0
10.47044324874878,1169,0.13080531237989418,0,0,0,0,0,0,0,0
10.531536102294922,1170,0.12241167038775505,0,0,0,0,0,0,0,0
10.593953132629395,1171,0.11455663974593201,0,0,0,0,0,0,0,0
10.655842781066895,1172,0.107205658319491,0,0,0,0,0,0,0,0
10.717291593551636,1173,0.10032638179006546,0,0,0,0,0,0,0,0
10.77916669845581,1174,0.09388854134085203,0,0,0,0,0,0,0,0
10.840715646743774,1175,0.08786381047381356,0,0,0,0,0,0,0,0
10.902706384658813,1176,0.08222568037308543,0,0,0,0,0,0,0,0
10.964475631713867,1177,0.07694934326618375,0,0,0,0,0,0,0,0
11.025054931640625,1178,0.0720115832698048,0,0,0,0,0,0,0,0
11.086601495742798,1179,0.06739067423993715,0,0,0,0,0,0,0,0
11.149147510528564,1180,0.06306628417682701,0,0,0,0,0,0,0,0
11.21094274520874,1181,0.059019385764178325,0,0,0,0,0,0,0,0
11.27116060256958,1182,0.05523217264896039,0,0,0,0,0,0,0,0
11.333776712417603,1183,0.051687981093453905,0,0,0,0,0,0,0,0
11.394500970840454,1184,0.04837121665480454,0,0,0,0,0,0,0,0
11.456329345703125,1185,0.04526728556947395,0,0,0,0,0,0,0,0
11.517602682113647,1186,0.04236253054067989,0,0,0,0,0,0,0,0
11.580675601959229,1187,0.039644170646290104,0,0,0,0,0,0,0,0
11.641418933868408,1188,0.03710024510276472,0,0,0,0,0,0,0,0
11.703022003173828,1189,0.03471956063770847,0,0,0,0,0,0,0,0
11.765096187591553,1190,0.03249164223947206,0,0,0,0,0,0,0,0
11.827608346939087,1191,0.030406687067100736,0,0,0,0,0,0,0,0
11.889427900314331,1192,0.028455521317834003,0,0,0,0,0,0,0,0
11.951166152954102,1193,0.026629559862373402,0,0,0,0,0,0,0,0
12.01182222366333,1194,0.02923433828742108,0,1,0,0,0,0,0,0
12.074005603790283,1195,0.027358400950258335,0,0,0,0,0,0,0,0
12.133934736251831,1196,0.02560284057728168,0,0,0,0,0,0,0,0
12.197347640991211,1197,0.023959932702849115,0,0,0,0,0,0,0,0
12.257026433944702,1198,0.022422448532312414,0,0,0,0,0,0,0,0
12.31898045539856,1199,0.02098362313532061,0,0,0,0,0,0,0,0
12.379680633544922,1200,0.01963712568012645,0,0,0,0,0,0,0,0
12.441068172454834,1201,0.018377031577926677,0,0,0,0,0,0,0,0
12.502190589904785,1202,0.01719779641467128,0,0,0,0,0,0,0,0
12.563600063323975,1203,0.016094231555641665,0,0,0,0,0,0,0,0
12.626029968261719,1204,0.015061481315457882,0,0,0,0,0,0,0,0
12.686510562896729,1205,0.014095001593062938,0,0,0,0,0,0,0,0
12.749045133590698,1206,0.013190539877678148,0,0,0,0,0,0,0,0
12.810159921646118,1207,0.012344116537755696,0,0,0,0,0,0,0,0
12.872153043746948,1208,0.011552007310599825,0,0,0,0,0,0,0,0
12.933492183685303,1209,0.010810726915610965,0,0,0,0,0,0,0,0
12.996119499206543,1210,0.0101170137190511,0,0,0,0,0,0,0,0
13.057485580444336,1211,0.009467815382855307,0,0,0,0,0,0,0,0
13.119062900543213,1212,0.008860275434344285,0,0,0,0,0,0,0,0
13.180855751037598,1213,0.008291720697744545,0,0,0,0,0,0,0,0
13.242117404937744,1214,0.007759649532215019,0,0,0,0,0,0,0,0
13.303601503372192,1215,0.007261720824627353,0,0,0,0,0,0,0,0
13.364973306655884,1216,0.006795743688668139,0,0,0,0,0,0,0,0
13.426570177078247,1217,0.006359667824939141,0,0,0,0,0,0,0,0
13.488847732543945,1218,0.005951574499639937,0,0,0,0,0,0,0,0
13.549668073654175,1219,0.005569668102139201,0,0,0,0,0,0,0,0
13.612570762634277,1220,0.005212268244287918,0,0,0,0,0,0,0,0
13.673381090164185,1221,0.004877802366711537,0,0,0,0,0,0,0,0
13.735006332397461,1222,0.004564798819548714,0,0,0,0,0,0,0,0
13.79679250717163,1223,0.004271880387191928,0,0,0,0,0,0,0,0
13.858752012252808,1224,0.0039977582285388065,0,0,0,0,0,0,0,0
13.919771909713745,1225,0.00374122620609127,0,0,0,0,0,0,0,0
13.981284856796265,1226,0.0035011555789505482,0,0,0,0,0,0,0,0
14.043143033981323,1227,0.0032764900363572193,0,0,0,0,0,0,0,0
14.104071140289307,1228,0.0030662410499238705,0,0,0,0,0,0,0,0
14.165287256240845,1229,0.002869483524110194,0,0,0,0,0,0,0,0
14.22805118560791,1230,0.002685351725802608,0,0,0,0,0,0,0,0
14.289435863494873,1231,0.002513035475088558,0,0,0,0,0,0,0,0
14.35051155090332,1232,0.0023517765804649017,0,0,0,0,0,0,0,0
14.412748336791992,1233,0.002200865502795294,0,0,0,0,0,0,0,0
14.473467826843262,1234,0.0020596382333379877,0,0,0,0,0,0,0,0
14.534713745117188,1235,0.001927473372107371,0,0,0,0,0,0,0,0
14.596596240997314,1236,0.0018037893937140285,0,0,0,0,0,0,0,0
14.658027648925781,1237,0.0016880420886530292,0,0,0,0,0,0,0,0
14.718949556350708,1238,0.0015797221687821044,0,0,0,0,0,0,0,0
14.780273199081421,1239,0.0014783530264538217,0,0,0,0,0,0,0,0
14.842569351196289,1240,0.0013834886374419367,0,0,0,0,0,0,0,0
14.90364694595337,1241,0.0012947115984347968,0,0,0,0,0,0,0,0
14.96652603149414,1242,0.0012116312904607706,0,0,0,0,0,0,0,0
15.026941299438477,1243,0.0011338821601647722,0,0,0,0,0,0,0,0
15.088987588882446,1244,0.001061122111373499,0,0,0,0,0,0,0,0
15.15084981918335,1245,0.0009930309998722696,0,0,0,0,0,0,0,0
15.211986064910889,1246,0.0009293092247704784,0,0,0,0,0,0,0,0
15.274096965789795,1247,0.0008696764102576775,0,0,0,0,0,0,0,0
15.335482835769653,1248,0.0008138701719500106,0,0,0,0,0,0,0,0
15.396715641021729,1249,0.0007616449623989239,0,0,0,0,0,0,0,0
15.457675457000732,1250,0.0007127709906823925,0,0,0,0,0,0,0,0
15.519699811935425,1251,0.009318925382408222,0,0,0,0,3,0,0,0
15.580785036087036,1252,0.008720939551669235,0,0,0,0,0,0,0,0
15.642638683319092,1253,0.008161325854957593,0,0,0,0,0,0,0,0
15.704257249832153,1254,0.007637621992007766,0,0,0,0,0,0,0,0
15.766329288482666,1255,0.007147523665822773,0,0,0,0,0,0,0,0
15.828148365020752,1256,0.006688874443767401,0,0,0,0,0,0,0,0
15.889125347137451,1257,0.006259656269264606,0,0,0,0,0,0,0,0
15.95095944404602,1258,0.005857980582346576,0,0,0,0,0,0,0,0
16.01354169845581,1259,0.00548208000999087,0,0,0,0,0,0,0,0
16.073615074157715,1260,0.005130300589679125,0,0,0,0,0,0,0,0
16.134931802749634,1261,0.004801094491961968,0,0,0,0,0,0,0,0
16.19602632522583,1262,0.004493013210009444,0,0,0,0,0,0,0,0
16.258591413497925,1263,0.004204701186180962,0,0,0,0,0,0,0,0
16.320618629455566,1264,0.0039348898475716765,0,0,0,0,0,0,0,0
16.38203740119934,1265,0.003682392024291706,0,0,0,0,0,0,0,0
16.44397473335266,1266,0.0034460967259186187,0,0,0,0,0,0,0,0
16.505638599395752,1267,0.0032249642531395734,0,0,0,0,0,0,0,0
16.56747007369995,1268,0.0030180216230743426,0,0,0,0,0,0,0,0
16.629158973693848,1269,0.0028243582881506387,0,0,0,0,0,0,0,0
16.69205069541931,1270,0.002643122129694798,0,0,0,0,0,0,0,0
16.752989530563354,1271,0.002473515708609614,0,0,0,0,0,0,0,0
16.814513683319092,1272,0.0023147927566423126,0,0,0,0,0,0,0,0
16.8766667842865,1273,0.002166254892804237,0,0,0,0,0,0,0,0
16.9375102519989,1274,0.0020272485504945004,0,0,0,0,0,0,0,0
16.99931287765503,1275,0.0018971621018069396,0,0,0,0,0,0,0,0
17.06182074546814,1276,0.0017754231663673293,0,0,0,0,0,0,0,0
17.1220543384552,1277,0.0016614960928597355,0,0,0,0,0,0,0,0
17.18457317352295,1278,0.0015548796021607244,0,0,0,0,0,0,0,0
17.245470762252808,1279,0.0014551045817112205,0,0,0,0,0,0,0,0
17.307990789413452,1280,0.001361732021421246,0,0,0,0,0,0,0,0
17.36897873878479,1281,0.0012743510820255248,0,0,0,0,0,0,0,0
17.430997610092163,1282,0.001192577287390716,0,0,0,0,0,0,0,0
17.49343752861023,1283,0.0011160508328204265,0,0,0,0,0,0,0,0
17.555190563201904,1284,0.0010444350019145467,0,0,0,0,0,0,0,0
17.61600351333618,1285,0.000977414685017091,0,0,0,0,0,0,0,0
17.678784608840942,1286,0.0009146949927337105,0,0,0,0,0,0,0,0
17.73892879486084,1287,0.0008559999584183583,0,0,0,0,0,0,0,0
17.800779104232788,1288,0.0008010713239200469,0,0,0,0,0,0,0,0
17.86285090446472,1289,0.0007496674032469837,0,0,0,0,0,0,0,0
17.924857139587402,1290,0.0007015620191482073,0,0,0,0,0,0,0,0
17.98692536354065,1291,0.000656543507933683,0,0,0,0,0,0,0,0
18.0492205619812,1292,0.0006144137881540668,0,0,0,0,0,0,0,0
18.1117262840271,1293,0.0005749874890423287,0,0,0,0,0,0,0,0
18.171988010406494,1294,0.0005380911348823767,0,0,0,0,0,0,0,0
18.233538150787354,1295,0.0005035623817159073,0,0,0,0,0,0,0,0
18.295552968978882,1296,0.00047124930302898784,0,0,0,0,0,0,0,0
18.356626272201538,1297,0.0004410097212753959,0,0,0,0,0,0,0,0
18.419166326522827,1298,0.00041271058229541566,0,0,0,0,0,0,0,0
18.480213403701782,1299,0.0003862273698775353,0,0,0,0,0,0,0,0
18.542214393615723,1300,0.0003614435578871161,0,0,0,0,0,0,0,0
18.604304313659668,1301,0.0003382500975514002,0,0,0,0,0,0,0,0
18.665997982025146,1302,0.00031654493764491043,0,0,0,0,0,0,0,0
18.728001356124878,1303,0.0002962325754640583,0,0,0,0,0,0,0,0
18.789345026016235,1304,0.00027722363661524804,0,0,0,0,0,0,0,0
18.851227283477783,1305,0.00025943448176754487,0,0,0,0,0,0,0,0
18.91217303276062,1306,0.0002427868386396189,0,0,0,0,0,0,0,0
18.973901748657227,1307,0.00022720745760170725,0,0,0,0,0,0,0,0
19.035301685333252,1308,0.00021262778937724313,0,0,0,0,0,0,0,0
19.096571445465088,1309,0.00019898368342603887,0,0,0,0,0,0,0,0
19.157670736312866,1310,0.00018621510568190918,0,0,0,0,0,0,0,0
19.219834804534912,1311,0.0001742658744027799,0,0,0,0,0,0,0,0
19.280783653259277,1312,0.00016308341297102284,0,0,0,0,0,0,0,0
19.342200756072998,1313,0.00015261851855633829,0,0,0,0,0,0,0,0
19.403789281845093,1314,0.00014282514562330163,0,0,0,0,0,0,0,0
19.464592218399048,1315,0.00013366020333100749,0,0,0,0,0,0,0,0
19.526951789855957,1316,0.0001250833659333698,0,0,0,0,0,0,0,0
19.58796000480652,1317,0.00011705689534583893,0,0,0,0,0,0,0,0
19.649283170700073,1318,0.00010954547509782975,0,0,0,0,0,0,0,0
19.711552143096924,1319,0.00010251605494025103,0,0,0,0,0,0,0,0
19.77312159538269,1320,9.593770542440941e-05,0,0,0,0,0,0,0,0
19.834869146347046,1321,8.978148181243519e-05,0,0,0,0,0,0,0,0
19.896013021469116,1322,8.402029672043568e-05,0,0,0,0,0,0,0,0
19.957419395446777,1323,7.86288009340061e-05,0,0,0,0,0,0,0,0
20.019167184829712,1324,7.358327187168614e-05,0,0,0,0,0,0,0,0
20.080569982528687,1325,6.88615092056016e-05,0,0,0,0,0,0,0,0
20.142330408096313,1326,6.44427371800217e-05,0,0,0,0,0,0,0,0
20.204927682876587,1327,6.0307513198033905e-05,0,0,0,0,0,0,0,0
20.265334129333496,1328,5.643764227411746e-05,0,0,0,0,0,0,0,0
20.32782006263733,1329,5.2816096976207125e-05,0,0,0,0,0,0,0,0
20.38926124572754,1330,4.9426942504992106e-05,0,0,0,0,0,0,0,0
20.450286865234375,1331,4.625526658079905e-05,0,0,0,0,0,0,0,0
20.512754440307617,1332,4.3287113829561514e-05,0,0,0,0,0,0,0,0
20.573408126831055,1333,4.050942437917405e-05,0,0,0,0,0,0,0,0
20.635916471481323,1334,3.790997639605495e-05,0,0,0,0,0,0,0,0
20.696959257125854,1335,3.547733230907849e-05,0,0,0,0,0,0,0,0
20.75847029685974,1336,3.320078848426197e-05,0,0,0,0,0,0,0,0
20.820348978042603,1337,3.107032812877621e-05,0,0,0,0,0,0,0,0
20.881802797317505,1338,2.9076577217057067e-05,0,0,0,0,0,0,0,0
20.944212436676025,1339,2.7210763245092974e-05,0,0,0,0,0,0,0,0
21.004748106002808,1340,2.546467663140729e-05,0,0,0,0,0,0,0,0
21.066064834594727,1341,2.38306345948998e-05,0,0,0,0,0,0,0,0
21.12776494026184,1342,2.2301447350609866e-05,0,0,0,0,0,0,0,0
21.188241720199585,1343,2.0870386474662618e-05,0,0,0,0,0,0,0,0
21.25096583366394,1344,1.9531155299203886e-05,0,0,0,0,0,0,0,0
21.31218934059143,1345,1.827786120706165e-05,0,0,0,0,0,0,0,0
21.374156951904297,1346,0.08750436341839883,0,3,0,0,0,0,0,0
21.435445308685303,1347,0.08188929866524433,0,0,0,0,0,0,0,0
21.496755123138428,1348,0.07663454682621691,0,0,0,0,0,0,0,0
21.559717893600464,1349,0.08751715801052543,0,0,0,0,0,3,0,0
21.621062755584717,1350,0.08190127224158983,0,0,0,0,0,0,0,0
21.682676553726196,1351,0.07664575207051724,0,0,0,0,0,0,0,0
21.744297981262207,1352,0.07172747320855492,0,0,0,0,0,0,0,0
21.805800199508667,1353,0.06712479522871025,0,0,0,0,0,0,0,0
21.86720061302185,1354,0.0628174663478719,0,0,0,0,0,0,0,0
21.928918838500977,1355,0.05878653431896419,0,0,0,0,0,0,0,0
21.990917921066284,1356,0.05501426304105992,0,0,0,0,0,0,0,0
22.05291748046875,1357,0.05148405452053632,0,0,0,0,0,0,0,0
22.11489963531494,1358,0.04818037583990307,0,0,0,0,0,0,0,0
22.17682647705078,1359,0.0450886908129654,0,0,0,0,0,0,0,0
22.237860202789307,1360,0.04219539602560477,0,0,0,0,0,0,0,0
22.299059867858887,1361,0.03948776098075681,0,0,0,0,0,0,0,0
22.360844135284424,1362,0.03695387208422418,0,0,0,0,0,0,0,0
22.422386407852173,1363,0.03458258022486214,0,0,0,0,0,0,0,0
22.484363555908203,1364,0.032363451718489485,0,0,0,0,0,0,0,0
22.545840978622437,1365,0.03028672239967819,0,0,0,0,0,0,0,0
22.607787609100342,1366,0.028343254659425474,0,0,0,0,0,0,0,0
22.669447898864746,1367,0.026524497239674233,0,0,0,0,0,0,0,0
22.730994701385498,1368,0.027739218910165113,0,0,0,0,0,0,0,1
22.792708158493042,1369,0.025959221841473167,0,0,0,0,0,0,0,0
22.853221893310547,1370,0.0242934453488837,0,0,0,0,0,0,0,0
22.9139187335968,1371,0.022734560015829325,0,0,0,0,0,0,0,0
22.97614812850952,1372,0.0212757067468446,0,0,0,0,0,0,0,0
23.03680968284607,1373,0.019910466587545986,0,0,0,0,0,0,0,0
23.09834361076355,1374,0.018632832481232577,0,0,0,0,0,0,0,0
23.161025285720825,1375,0.01743718283783659,0,0,0,0,0,0,0,0
23.223161697387695,1376,0.016318256798927087,0,0,0,0,0,0,0,0
23.285650968551636,1377,0.015271131089932862,0,0,0,0,0,0,0,0
23.34726333618164,1378,0.014291198357734342,0,0,0,0,0,0,0,0
23.408456325531006,1379,0.013374146898309854,0,0,0,0,0,0,0,0
23.470950603485107,1380,0.012515941685237928,0,0,0,0,0,0,0,0
23.531777381896973,1381,0.011712806615581049,0,0,0,0,0,0,0,0
23.593404054641724,1382,0.010961207895032727,0,0,0,0,0,0,0,0
23.65499973297119,1383,0.01025783848922255,0,0,0,0,0,0,0,0
23.71721315383911,1384,0.009599603572764952,0,0,0,0,0,0,0,0
23.777853965759277,1385,0.00898360691202752,0,0,0,0,0,0,0,0
23.840928554534912,1386,0.008407138121703007,0,0,0,0,0,0,0,0
23.90162682533264,1387,0.007867660739113989,0,0,0,0,0,0,0,0
23.963263750076294,1388,0.007362801063777073,0,0,0,0,0,0,0,0
24.024998426437378,1389,0.006890337713120775,0,0,0,0,0,0,0,0
24.086506605148315,1390,0.0064481918484022085,0,0,0,0,0,0,0,0
24.147764205932617,1391,0.0060344180278166125,0,0,0,0,0,0,0,0
24.20811700820923,1392,0.005647195646553409,0,0,0,0,0,0,0,0
24.270616054534912,1393,0.00528482092613504,0,0,0,0,0,0,0,0
24.33180570602417,1394,0.004945699417791666,0,0,0,0,0,0,0,0
24.393105268478394,1395,0.004628338986886576,0,0,0,0,0,0,0,0
24.454397201538086,1396,0.004331343247523787,0,0,0,0,0,0,0,0
24.515929460525513,1397,0.004053405418450102,0,0,0,0,0,0,0,0
24.57778811454773,1398,0.0037933025732175977,0,0,0,0,0,0,0,0
24.640029668807983,1399,0.0035498902593072506,0,0,0,0,0,0,0,0
24.700915336608887,1400,0.0033220974625378557,0,0,0,0,0,0,0,0
24.763009071350098,1401,0.003108921894603627,0,0,0,0,0,0,0,0
24.826192140579224,1402,0.0029094255830056544,0,0,0,0,0,0,0,0
24.887479066848755,1403,0.0027227307439729067,0,0,0,0,0,0,0,0
24.948143005371094,1404,0.00254801592021364,0,0,0,0,0,0,0,0
25.009705781936646,1405,0.002384512366503313,0,0,0,0,0,0,0,0
25.070743560791016,1406,0.0022315006672056006,0,0,0,0,0,0,0,0
25.132920503616333,1407,0.002088307570843593,0,0,0,0,0,0,0,0
25.194754600524902,1408,0.0019543030277932973,0,0,0,0,0,0,0,0
25.257540225982666,1409,0.0018288974180652921,0,0,0,0,0,0,0,0
25.318554162979126,1410,0.0017115389569767742,0,0,0,0,0,0,0,0
25.380000352859497,1411,0.001601711267298954,0,0,0,0,0,0,0,0
25.44173312187195,1412,0.0014989311071972493,0,0,0,0,0,0,0,0
25.504233360290527,1413,0.0014027462439672126,0,0,0,0,0,0,0,0
25.56559729576111,1414,0.0013127334642106317,0,0,0,0,0,0,0,0
25.62774395942688,1415,0.0012284967116965775,0,0,0,0,0,0,0,0
25.687498807907104,1416,0.030010757805368098,10,0,0,0,0,0,0,0
25.749526739120483,1417,0.028084998428516875,0,0,0,0,0,0,0,0
25.811924934387207,1418,0.02628281304475113,0,0,0,0,0,0,0,0
25.87362265586853,1419,0.024596272038382286,0,0,0,0,0,0,0,0
25.935672283172607,1420,0.023017954628982325,0,0,0,0,0,0,0,0
25.996466398239136,1421,0.02154091621994989,0,0,0,0,0,0,0,0
26.05766725540161,1422,0.02015865784228523,0,0,0,0,0,0,0,0
26.121405124664307,1423,0.018865097559126628,0,0,0,0,0,0,0,0
26.1806378364563,1424,0.017654543705228183,0,0,0,0,0,0,0,0
26.242193460464478,1425,0.016521669843632743,0,0,0,0,0,0,0,0
26.30395245552063,1426,0.015461491329349285,0,0,0,0,0,0,0,0
26.365160942077637,1427,0.014469343376914965,0,0,0,0,0,0,0,0
26.42888641357422,1428,0.013540860535339072,0,0,0,0,0,0,0,0
26.48938536643982,1429,0.01267195748011867,0,0,0,0,0,0,0,0
26.549787759780884,1430,0.01185881103781079,0,0,0,0,0,0,0,0
26.611790657043457,1431,0.011097843364069278,0,0,0,0,0,0,0,0
26.674339294433594,1432,0.01038570620112967,0,0,0,0,0,0,0,0
26.73572874069214,1433,0.009719266145475034,0,0,0,0,0,0,0,0
26.797012329101562,1434,0.03826330388473605,0,1,0,0,0,0,0,0
26.858808755874634,1435,0.03580798713721434,0,0,0,0,0,0,0,0
26.920521020889282,1436,0.03351022553309637,0,0,0,0,0,0,0,0
26.98286247253418,1437,0.03135990892132402,0,0,0,0,0,0,0,0
27.043652057647705,1438,0.029347575908805504,0,0,0,0,0,0,0,0
27.104995012283325,1439,0.02746437223028573,0,0,0,0,0,0,0,0
27.166606187820435,1440,0.02570201178957921,0,0,0,0,0,0,0,0
27.22865653038025,1441,0.024052740200746842,0,0,0,0,0,0,0,0
27.29004192352295,1442,0.02250930066879776,0,0,0,0,0,0,0,0
27.351828575134277,1443,0.02106490205979139,0,0,0,0,0,0,0,0
27.4128315448761,1444,0.0197131890198481,0,0,0,0,0,0,0,0
27.475706100463867,1445,0.018448214011592145,0,0,0,0,0,0,0,0
27.537095546722412,1446,0.017264411144987193,0,0,0,0,0,0,0,0
27.598565816879272,1447,0.016156571687420185,0,0,0,0,0,0,0,0
27.65990114212036,1448,0.015119821145277827,0,0,0,0,0,0,0,0
27.721484899520874,1449,0.01414959781617469,0,0,0,0,0,0,0,0
27.78249430656433,1450,0.013241632717462723,0,0,0,0,0,0,0,0
27.84420871734619,1451,0.012391930802707592,0,0,0,0,0,0,0,0
27.906338930130005,1452,0.011596753383484374,0,0,0,0,0,0,0,0
27.968143939971924,1453,0.010852601679148487,0,0,0,0,0,0,0,0
28.029661417007446,1454,0.010156201422200854,0,0,0,0,0,0,0,0
28.09194850921631,1455,0.009504488451510905,0,0,0,0,0,0,0,0
28.153424501419067,1456,0.008894595230007605,0,0,0,0,0,0,0,0
28.214540481567383,1457,0.008323838227516337,0,0,0,0,0,0,0,0
28.2767915725708,1458,0.007789706113226142,0,0,0,0,0,0,0,0
28.339076280593872,1459,0.007289848705834143,0,0,0,0,0,0,0,0
28.39971661567688,1460,0.006822066632747812,0,0,0,0,0,0,0,0
28.462934732437134,1461,0.006384301652845573,0,0,0,0,0,0,0,0
28.52518320083618,1462,0.005974627600215854,0,0,0,0,0,0,0,0
28.585734844207764,1463,0.005591241909027085,0,0,0,0,0,0,0,0
28.64716863632202,1464,0.0052324576822380345,0,0,0,0,0,0,0,0
28.708704948425293,1465,0.004896696269250832,0,0,0,0,0,0,0,0
28.771562814712524,1466,0.0045824803198483335,0,0,0,0,0,0,0,0
28.83172035217285,1467,0.004288427283853168,0,0,0,0,0,0,0,0
28.893484592437744,1468,0.004013243327906956,0,0,0,0,0,0,0,0
28.955414533615112,1469,0.003755717642603534,0,0,0,0,0,0,0,0
29.016917943954468,1470,0.014615862652203156,0,0,0,0,5,0,0,0
29.078341245651245,1471,0.013677977819844303,0,0,0,0,0,0,0,0
29.14017081260681,1472,0.012800276089892764,0,0,0,0,0,0,0,0
29.201321601867676,1473,0.011978895574736755,0,0,0,0,0,0,0,0
29.263116598129272,1474,0.011210222200109587,0,0,0,0,0,0,0,0
29.324829578399658,1475,0.010490873803162902,0,0,0,0,0,0,0,0
29.38627791404724,1476,0.009817685250950134,0,0,0,0,0,0,0,0
29.44730234146118,1477,0.009187694513841545,0,0,0,0,0,0,0,0
29.50957155227661,1478,0.00859812963259386,0,0,0,0,0,0,0,0
29.572514295578003,1479,0.008046396521729587,0,0,0,0,0,0,0,0
29.633008003234863,1480,0.007530067555560926,0,0,0,0,0,0,0,0
29.69434356689453,1481,0.007046870886636732,0,0,0,0,0,0,0,0
29.75791573524475,1482,0.00659468044961374,0,0,0,0,0,0,0,0
29.81758451461792,1483,0.006171506606569049,0,0,0,0,0,0,0,0
29.878032207489014,1484,0.005775487392593261,0,0,0,0,0,0,0,0
29.94077157974243,1485,0.005404880323144884,0,0,0,0,0,0,0,0
30.002061367034912,1486,0.005058054727118344,0,0,0,0,0,0,0,0
30.06407403945923,1487,0.004733484571891125,0,0,0,0,0,0,0,0
30.12557339668274,1488,0.004429741748780227,0,0,0,0,0,0,0,0
30.187753200531006,1489,0.004145489789363962,0,0,0,0,0,0,0,0
30.249736309051514,1490,0.0038794779850208983,0,0,0,0,0,0,0,0
30.311381578445435,1491,0.0036305358838119267,0,0,0,0,0,0,0,0
30.372355937957764,1492,0.0033975681404917277,0,0,0,0,0,0,0,0
30.434075593948364,1493,0.0031795496969896924,0,0,0,0,0,0,0,0
30.49531054496765,1494,0.0029755212721544115,0,0,0,0,0,0,0,0
30.55749249458313,1495,0.00278458514091661,0,0,0,0,0,0,0,0
30.61914873123169,1496,0.0026059011842988417,0,0,0,0,0,0,0,0
30.68162727355957,1497,0.0024386831928919885,0,0,0,0,0,0,0,0
30.74290156364441,1498,0.00228219540753386,0,0,0,0,0,0,0,0
30.804169178009033,1499,0.0021357492819688803,0,0,0,0,0,0,0,0
30.86510467529297,1500,0.001998700453244564,0,0,0,0,0,0,0,0
30.92605757713318,1501,0.0018704459065145235,0,0,0,0,0,0,0,0
30.988210439682007,1502,0.001750421321773147,0,0,0,0,0,0,0,0
31.049171209335327,1503,0.0016380985908475724,0,0,0,0,0,0,0,0
31.11124610900879,1504,0.0015329834937217273,0,0,0,0,0,0,0,0
31.174067497253418,1505,0.0014346135239682576,0,0,0,0,0,0,0,0
31.234222412109375,1506,0.0013425558537202484,0,0,0,0,0,0,0,0
31.296046018600464,1507,0.0012564054292286083,0,0,0,0,0,0,0,0
31.358601808547974,1508,0.001175783188625574,0,0,0,0,0,0,0,0
31.420555114746094,1509,0.0011003343940524924,0,0,0,0,0,0,0,0
31.48321509361267,1510,0.0010297270708132416,0,0,0,0,0,0,0,0
31.54347062110901,1511,0.000963650546685569,0,0,0,0,0,0,0,0
31.60550808906555,1512,0.000901814084963313,0,0,0,0,0,0,0,0
31.666634798049927,1513,0.0008439456052148956,0,0,0,0,0,0,0,0
31.72900128364563,1514,0.0007897904861294237,0,0,0,0,0,0,0,0
31.791678190231323,1515,0.0007391104451829212,0,0,0,0,0,0,0,0
31.85240650177002,1516,0.0006916824901952236,0,0,0,0,0,0,0,0
31.91402792930603,1517,0.0006472979381643851,0,0,0,0,0,0,0,0
31.975513458251953,1518,0.0006057614970614698,0,0,0,0,0,0,0,0
32.03665733337402,1519,0.000566890406545625,0,0,0,0,0,0,0,0
32.09803247451782,1520,0.000530513633818581,0,0,0,0,0,0,0,0
32.159911155700684,1521,0.0004964711210803387,0,0,0,0,0,0,0,0
32.22089433670044,1522,0.0004646130812748499,0,0,0,0,0,0,0,0
32.28289461135864,1523,0.0004347993390269705,0,0,0,0,0,0,0,0
32.344549894332886,1524,0.0004068987138708097,0,0,0,0,0,0,0,0
32.406622648239136,1525,0.0003807884430556805,0,0,0,0,0,0,0,0
32.46812105178833,1526,0.00035635364138999624,0,0,0,0,0,0,0,0
32.52925992012024,1527,0.00033348679574642803,0,0,0,0,0,0,0,0
32.591673135757446,1528,0.00031208729200414407,0,0,0,0,0,0,0,0
32.65190625190735,1529,0.00029206097234667835,0,0,0,0,0,0,0,0
32.71362495422363,1530,0.000273319720967538,0,0,0,0,0,0,0,0
32.77588486671448,1531,0.00025578107636065484,0,0,0,0,0,0,0,0
32.837055683135986,1532,0.00023936786848975856,0,0,0,0,0,0,0,0
32.89851474761963,1533,0.00022400787924021723,0,0,0,0,0,0,0,0
32.959752559661865,1534,0.00020963352465933286,0,0,0,0,0,0,0,0
33.02116322517395,1535,0.00019618155758694954,0,0,0,0,0,0,0,0
33.08318877220154,1536,0.0001835927893679488,0,0,0,0,0,0,0,0
33.14496469497681,1537,0.00017181182942216706,0,0,0,0,0,0,0,0
33.20660758018494,1538,0.00016078684152584283,0,0,0,0,0,0,0,0
33.267226696014404,1539,0.00015046931573223232,0,0,0,0,0,0,0,0
33.329007625579834,1540,0.00014081385492784363,0,0,0,0,0,0,0,0
33.390344858169556,1541,0.00013177797508513747,0,0,0,0,0,0,0,0
33.45258808135986,1542,0.0001233219183328059,0,0,0,0,0,0,0,0
33.514071226119995,1543,0.00011540847802113868,0,0,0,0,0,0,0,0
33.575953006744385,1544,0.00010800283501276447,0,0,0,0,0,0,0,0
33.63685154914856,1545,0.00010107240447844643,0,0,0,0,0,0,0,0
33.69857454299927,1546,9.458669252383356e-05,0,0,0,0,0,0,0,0
33.76085329055786,1547,8.851716201632555e-05,0,0,0,0,0,0,0,0
33.82238554954529,1548,8.283710702168937e-05,0,0,0,0,0,0,0,0
33.88359785079956,1549,7.752153529794862e-05,0,0,0,0,0,0,0,0
33.945796966552734,1550,7.254705832951885e-05,0,0,0,0,0,0,0,0
34.007307052612305,1551,6.789178841773896e-05,0,0,0,0,0,0,0,0
34.068852186203,1552,6.353524237499713e-05,0,0,0,0,0,0,0,0
34.1305992603302,1553,5.9458251398705285e-05,0,0,0,0,0,0,0,0
34.192721366882324,1554,5.564287672856774e-05,0,0,0,0,0,0,0,0
34.25369215011597,1555,5.2072330716035895e-05,0,0,0,0,0,0,0,0
34.31539249420166,1556,4.873090295865461e-05,0,0,0,0,0,0,0,0
34.37780475616455,1557,4.56038911742914e-05,0,0,0,0,0,0,0,0
34.43958830833435,1558,4.2677536511095084e-05,0,0,0,0,0,0,0,0
34.50002145767212,1559,3.993896300854758e-05,0,0,0,0,0,0,0,0
34.56122803688049,1560,3.7376120943237687e-05,0,0,0,0,0,0,0,0
34.62408709526062,1561,3.497773381007804e-05,0,0,0,0,0,0,0,0
34.684516191482544,1562,3.273324870568273e-05,0,0,0,0,0,0,0,0
34.74651217460632,1563,3.063278989559243e-05,0,0,0,0,0,0,0,0
34.80814290046692,1564,2.866711536104274e-05,0,0,0,0,0,0,0,0
34.87004113197327,1565,2.6827576134081634e-05,0,0,0,0,0,0,0,0
34.93215823173523,1566,2.510607824211049e-05,0,0,0,0,0,0,0,0
34.993342876434326,1567,2.349504709440463e-05,0,0,0,0,0,0,0,0
35.05568766593933,1568,2.1987394153914153e-05,0,0,0,0,0,0,0,0
35.115936279296875,1569,2.0576485747700896e-05,0,0,0,0,0,0,0,0
35.178226709365845,1570,1.9256113878777525e-05,0,0,0,0,0,0,0,0
35.2402548789978,1571,1.8020468910920774e-05,0,0,0,0,0,0,0,0
35.301321268081665,1572,1.6864114006272074e-05,0,0,0,0,0,0,0,0
35.36315393447876,1573,1.5781961203250972e-05,0,0,0,0,0,0,0,0
35.42497277259827,1574,1.4769249029524175e-05,0,0,0,0,0,0,0,0
35.48583436012268,1575,1.3821521551527284e-05,0,0,0,0,0,0,0,0
35.54843521118164,1576,1.2934608768357115e-05,0,0,0,0,0,0,0,0
35.60938286781311,1577,1.2104608263767718e-05,0,0,0,0,0,0,0,0
35.67072296142578,1578,1.1327868035538897e-05,0,0,0,0,0,0,0,0
35.732276916503906,1579,1.0600970426666447e-05,0,0,0,0,0,0,0,0
35.794026613235474,1580,0.32085476397971874,0,0,0,0,0,0,11,0
35.85583710670471,1581,0.30026584468789047,0,0,0,0,0,0,0,0
35.91687774658203,1582,0.2809980951126889,0,0,0,0,0,0,0,0
35.97913122177124,1583,0.2629667371559832,0,0,0,0,0,0,0,0
36.04124617576599,1584,0.24609243284276378,0,0,0,0,0,0,0,0
36.102444887161255,1585,0.23030093523405254,0,0,0,0,0,0,0,0
36.16401743888855,1586,0.21552276174037116,0,0,0,0,0,0,0,0
36.225783586502075,1587,0.2016928883983474,0,0,0,0,0,0,0,0
36.28805422782898,1588,0.18875046376527638,0,0,0,0,0,0,0,0
36.34977388381958,1589,0.17663854117277258,0,0,0,0,0,0,0,0
36.41085863113403,1590,0.16530382816142897,0,0,0,0,0,0,0,0
36.472132444381714,1591,0.15469645199399565,0,0,0,0,0,0,0,0
36.533713817596436,1592,0.14476974021533592,0,0,0,0,0,0,0,0
36.59528088569641,1593,0.13548001529362366,0,0,0,0,0,0,0,0
36.65764570236206,1594,0.12678640243920336,0,0,0,0,0,0,0,0
36.718374729156494,1595,0.11865064975551555,0,0,0,0,0,0,0,0
36.78084754943848,1596,0.11103695993075201,0,0,0,0,0,0,0,0
36.8426558971405,1597,0.10391183272968377,0,0,0,0,0,0,0,0
36.903496742248535,1598,0.09724391759262614,0,0,0,0,0,0,0,0
36.96475028991699,1599,0.09100387569297608,0,0,0,0,0,0,0,0
37.026310443878174,1600,0.0851642508463751,0,0,0,0,0,0,0,0
37.088467836380005,1601,0.07969934870349818,0,0,0,0,0,0,0,0
37.150657176971436,1602,0.07458512369491666,0,0,0,0,0,0,0,0
37.211631059646606,1603,0.06979907323059276,0,0,0,0,0,0,0,0
37.27387261390686,1604,0.06532013868848346,0,0,0,0,0,0,0,0
37.33468294143677,1605,0.0611286127566035,0,0,0,0,0,0,0,0
37.396483421325684,1606,0.05720605272085259,0,0,0,0,0,0,0,0
37.45874309539795,1607,0.05353519931707344,0,0,0,0,0,0,0,0
37.52090620994568,1608,0.05009990079028941,0,0,0,0,0,0,0,0
37.582799673080444,1609,0.04688504182698266,0,0,0,0,0,0,0,0
37.643967390060425,1610,0.04387647704771463,0,0,0,0,0,0,0,0
37.70474696159363,1611,0.041060968767456546,0,0,0,0,0,0,0,0
37.76617383956909,1612,0.03842612874977527,0,0,0,0,0,0,0,0
37.83013296127319,1613,0.035960363698593,0,0,0,0,0,0,0,0
37.89009737968445,1614,0.033652824247684544,0,0,0,0,0,0,0,0
37.95168995857239,1615,0.0314933572234659,0,0,0,0,0,0,0,0
38.012914419174194,1616,0.029472460971030505,0,0,0,0,0,0,0,0
38.07515287399292,1617,0.027581243546867647,0,0,0,0,0,0,0,0
38.13627004623413,1618,0.025811383594311007,0,0,0,0,0,0,0,0
38.19835710525513,1619,0.024155093729569335,0,0,0,0,0,0,0,0
38.26060080528259,1620,0.022605086277237767,0,0,0,0,0,0,0,0
38.32137727737427,1621,0.021154541204526048,0,0,0,0,0,0,0,0
38.38363027572632,1622,0.01979707611311424,0,0,0,0,0,0,0,0
38.445170640945435,1623,0.018526718156600137,0,0,0,0,0,0,0,0
38.506760597229004,1624,5.938383621606714,0,0,0,0,0,203,0,0
38.5688374042511,1625,11.303363134848642,0,0,0,0,0,197,0,0
38.63042902946472,1626,16.49908372402716,0,0,0,0,0,203,0,0
38.69210362434387,1627,21.41973570763914,0,0,0,0,0,205,0,0
38.75507068634033,1628,26.287143945579615,0,0,0,0,0,214,0,0
38.81457591056824,1629,30.72554476478514,0,0,0,0,0,210,0,0
38.876607179641724,1630,34.73329941583634,0,0,0,0,0,205,0,0
38.937859773635864,1631,38.77555771455598,0,0,0,0,0,215,0,0
38.99986290931702,1632,42.17924819790928,0,0,0,0,0,202,0,0
39.06186270713806,1633,45.481198225428884,0,0,0,0,0,206,0,0
39.125091552734375,1634,48.71710409025975,0,0,0,0,0,211,0,0
39.188411712646484,1635,51.74536521308776,0,0,0,0,0,211,0,0
39.248085021972656,1636,54.4042996647101,0,0,0,0,0,205,0,0
39.309274673461914,1637,56.89261303485716,0,0,0,0,0,205,0,0
39.37078142166138,1638,59.36709246747698,0,0,0,0,0,210,0,0
39.43318295478821,1639,61.711954819977564,0,0,0,0,0,211,0,0
39.49569511413574,1640,63.70217578251892,0,0,0,0,0,204,0,0
39.55768346786499,1641,65.71052488362274,0,0,0,0,0,209,0,0
39.61997890472412,1642,67.473329442119,0,0,0,0,0,205,0,0
39.681607484817505,1643,70.23138974506784,0,0,403,0,0,243,0,0
39.74282765388489,1644,90.4589345423397,0,0,485,0,0,254,594,0
39.804431676864624,1645,113.00529506655843,0,0,475,0,0,255,717,0
39.86674952507019,1646,133.63819548068798,0,0,477,0,0,255,701,0
39.927666664123535,1647,153.7346322065772,0,0,476,0,0,259,724,0
39.98909568786621,1648,171.95814705369787,0,0,483,0,0,253,710,0
40.0506112575531,1649,188.45809120040116,0,0,487,0,0,249,695,0
40.11196041107178,1650,203.8992509483862,0,0,490,0,0,249,695,0
40.1739718914032,1651,217.73704542704274,0,0,487,0,0,229,694,0
40.23597502708435,1652,231.18273402698418,0,0,489,0,0,245,695,0
40.29901957511902,1653,243.3572786743101,0,0,509,0,0,231,695,0
40.360098123550415,1654,254.89643391292233,0,0,485,0,0,248,683,0
40.42218494415283,1655,264.82010207003515,0,0,477,0,0,239,662,0
40.48271608352661,1656,274.2528172413755,0,0,477,0,0,239,667,0
40.54521656036377,1657,283.05107709555404,0,0,479,0,0,243,662,0
40.606282234191895,1658,291.0805876977859,0,0,484,0,0,239,659,0
40.66886758804321,1659,298.3323434686732,0,0,481,0,0,240,649,0
40.729806661605835,1660,305.4396063940852,0,0,475,0,0,245,655,0
40.79183220863342,1661,311.85746188344024,0,0,479,0,0,239,653,0
40.852490186691284,1662,317.28013594460487,0,0,483,0,0,235,637,0
40.91370248794556,1663,331.36766592830327,0,0,523,0,0,292,889,0
40.97661089897156,1664,349.42222171707346,364,0,681,0,0,361,987,0
41.03675389289856,1665,366.6099124116375,492,0,699,0,0,369,989,0
41.09776186943054,1666,382.3971760479692,439,0,710,0,0,359,987,18
41.159767866134644,1667,396.36052483684824,399,0,723,0,0,353,967,0
41.22177004814148,1668,408.78617024848415,383,0,713,0,0,351,947,0
41.28472375869751,1669,420.35613938316567,415,0,727,0,0,327,969,0
41.34598231315613,1670,431.21284324415694,416,0,717,0,0,344,953,0
41.406883001327515,1671,441.54788989356575,409,0,715,0,0,346,957,0
41.46868681907654,1672,450.31554815476613,366,0,723,0,0,344,928,0
41.5300612449646,1673,459.803974200898,348,0,703,0,0,345,971,0
41.591712951660156,1674,468.6543700204899,367,0,717,0,0,346,969,0
41.6536328792572,1675,476.7326710770049,365,0,719,0,0,343,965,0
41.714842557907104,1676,484.40926673835423,367,0,717,0,0,345,967,0
41.77638792991638,1677,491.3307537561374,366,0,715,0,0,347,956,0
41.83892893791199,1678,496.05803330901506,363,0,716,0,0,342,901,0
41.900639295578,1679,502.4945404070998,363,0,717,0,0,341,971,0
41.961873292922974,1680,508.22634635273704,361,0,721,0,0,333,969,0
42.02358317375183,1681,511.8986208669415,361,0,717,0,0,301,943,0
42.08452892303467,1682,538.9027614362519,787,0,863,0,0,966,1086,0
42.14692831039429,1683,571.4368346988269,807,0,1043,0,0,1032,1269,0
42.20848536491394,1684,601.6207206168618,917,0,1029,0,0,1037,1255,0
42.27023124694824,1685,628.1468426372023,931,0,991,0,0,1035,1198,0
42.3322331905365,1686,650.5498905841648,913,0,918,0,0,1035,1115,0
42.393757343292236,1687,669.0361024426682,875,0,923,0,0,1002,1063,0
42.456547260284424,1688,688.2611422114951,829,0,903,0,0,1019,1112,0
42.5171275138855,1689,705.9316861627899,820,0,894,0,0,1005,1115,0
42.57912254333496,1690,722.1183169769146,819,0,903,0,0,996,1112,0
42.64071607589722,1691,737.2079329596899,823,0,903,11,0,991,1115,0
42.702157497406006,1692,750.9500835781774,821,0,903,0,0,981,1112,0
42.764177560806274,1693,763.081221738812,823,0,907,0,0,973,1095,0
42.8258798122406,1694,774.7547621183601,815,0,903,0,0,967,1112,0
42.88723373413086,1695,785.5333848861095,820,0,901,0,0,957,1117,0
42.949071407318115,1696,796.028702529692,816,0,901,0,0,954,1134,0
43.01020383834839,1697,805.0338504997368,815,0,895,0,0,951,1109,0
43.07277297973633,1698,812.7611222994074,819,0,900,0,0,933,1103,0
43.13448238372803,1699,820.1675493153385,813,0,903,0,0,933,1109,0
43.19640493392944,1700,826.1653467314932,815,0,905,0,0,909,1101,0
43.25780248641968,1701,829.7948671876428,813,0,905,0,0,871,1071,0
43.32042336463928,1702,853.2005361937968,1093,0,1419,0,0,1311,1317,0
43.38090944290161,1703,875.3084615503706,1124,0,1399,0,0,1299,1336,0
43.442309856414795,1704,895.3852221642646,1114,0,1379,0,0,1287,1327,0
43.50544714927673,1705,913.6486589212517,1123,0,1363,0,0,1275,1321,0
43.56694769859314,1706,930.1567955170146,1122,0,1349,0,0,1257,1319,0
43.62933301925659,1707,940.9096202162085,1123,0,1373,0,0,1096,1319,0
43.691036224365234,1708,951.1182858094732,1117,0,1375,0,0,1101,1319,0
43.752108573913574,1709,959.6218341914399,1112,0,1375,0,0,1068,1316,0
43.813560009002686,1710,967.4630477917535,1108,0,1373,0,0,1063,1317,0
43.87476849555969,1711,974.4510862460643,1099,0,1363,0,0,1061,1307,0
43.93628144264221,1712,980.0573426630938,1105,0,1341,0,0,1061,1275,0
43.998284101486206,1713,986.0038765004139,1101,0,1359,0,0,1075,1285,0
44.05974292755127,1714,990.2854480212852,1099,0,1341,0,0,1061,1255,0
44.122159481048584,1715,991.2588333589672,1099,0,1359,0,0,1033,1179,0
44.18339800834656,1716,992.1697575634287,1095,0,1353,0,0,1048,1164,0
44.244712352752686,1717,993.1388995532648,1093,0,1357,0,0,1033,1183,0
44.30642008781433,1718,992.8208087541324,1091,0,1353,0,0,1045,1129,0
44.3680682182312,1719,992.4647940874704,1083,0,1351,0,0,1041,1131,0
44.43033695220947,1720,991.519102541292,1081,0,1323,0,0,1039,1112,0
44.49129319190979,1721,1013.8807623263241,1207,0,1529,446,0,1384,1564,0
44.553287744522095,1722,1036.178379977714,1225,0,1525,588,0,1385,1610,0
44.61325263977051,1723,1054.2742497637378,1223,0,1461,585,0,1342,1558,0
44.67492914199829,1724,1069.8963791626477,1214,0,1511,555,0,1333,1522,0
44.7364821434021,1725,1084.574388055921,1212,0,1517,469,0,1326,1531,0
44.79813814163208,1726,1096.939641744518,1191,0,1513,459,0,1319,1491,0
44.86036562919617,1727,1106.9072056404777,1192,0,1469,440,0,1312,1443,0
44.92141795158386,1728,1116.3518320933513,1199,0,1482,431,0,1310,1449,0
44.98333954811096,1729,1124.6653877730057,1183,0,1467,444,0,1305,1436,0
45.04373836517334,1730,1130.7537438034765,1177,0,1463,269,0,1311,1372,0
45.105764389038086,1731,1136.0139006113245,1175,0,1460,0,0,1301,1367,0
45.16785788536072,1732,1139.9448163390507,1171,0,1453,0,0,1293,1341,0
45.23023343086243,1733,1143.3901475544776,1135,0,1461,0,0,1291,1335,0
45.29158806800842,1734,1146.2935505758817,1134,0,1447,0,0,1290,1325,0
45.35377645492554,1735,1148.8648066547003,1135,0,1451,0,0,1291,1319,0
45.415597677230835,1736,1151.0668938916322,1135,0,1451,0,0,1286,1317,0
45.477288246154785,1737,1152.719327479353,1139,0,1459,0,0,1273,1316,0
45.538708209991455,1738,1153.5365332823862,1133,0,1451,0,0,1260,1304,0
45.60043811798096,1739,1153.8929518495277,1100,0,1445,0,0,1243,1307,0
45.66211128234863,1740,1154.1389962657354,1132,0,1455,0,0,1237,1310,0
45.72360968589783,1741,1169.0406119165218,1310,0,1637,719,0,1407,1643,0
45.78494906425476,1742,1184.6777336151256,1309,0,1615,797,0,1415,1693,0
45.84688425064087,1743,1197.0976079231239,1327,0,1607,623,0,1392,1639,11
45.907849073410034,1744,1207.2883769965115,1323,0,1603,713,0,1371,1612,0
45.97005081176758,1745,1215.162655286323,1315,0,1589,711,0,1349,1577,0
46.030917167663574,1746,1221.889959572869,1277,0,1579,715,0,1339,1565,0
46.09139156341553,1747,1226.9605357345329,1229,0,1527,645,0,1339,1523,0
46.15353584289551,1748,1231.618235114357,1225,0,1544,618,0,1336,1523,0
46.215017318725586,1749,1235.364532755183,1227,0,1571,617,0,1336,1502,0
46.2775182723999,1750,1238.9287697661796,1227,0,1573,615,0,1333,1507,0
46.33920931816101,1751,1241.7684422427415,1229,0,1563,615,0,1331,1492,0
46.40145564079285,1752,1243.4925290484073,1227,0,1528,617,0,1324,1467,0
46.462992906570435,1753,1244.7559704255996,1223,0,1531,619,0,1324,1455,0
46.52443289756775,1754,1245.3258160991631,1213,0,1573,617,0,1324,1434,0
46.58565592765808,1755,1245.2465733900617,1211,0,1575,611,0,1315,1422,0
46.646864891052246,1756,1245.026577038757,1212,0,1558,605,0,1305,1427,0
46.708720207214355,1757,1244.4998527831603,1223,0,1573,606,0,1320,1401,0
46.7705078125,1758,1243.1318964890934,1212,0,1565,604,0,1295,1396,0
46.83100771903992,1759,1240.9183537228143,1192,0,1516,605,0,1300,1359,0
46.89281153678894,1760,1252.584844547161,1335,0,1647,1269,0,1447,1683,0
46.95444059371948,1761,1262.3360001665603,1351,0,1641,1273,0,1416,1674,0
47.01555609703064,1762,1269.244687996878,1351,0,1637,1235,0,1401,1613,0
47.07667660713196,1763,1274.2808345162118,1367,0,1629,1225,0,1379,1586,0
47.13882875442505,1764,1278.0312821776292,1363,0,1623,1207,0,1349,1583,0
47.19952321052551,1765,1282.5881883781854,1334,0,1624,1109,0,1365,1581,219
47.26151514053345,1766,1285.9951518447035,1325,0,1605,1116,0,1351,1567,205
47.323559284210205,1767,1288.4980527232772,1311,0,1595,1113,0,1352,1563,0
47.38538575172424,1768,1290.4903324775469,1288,0,1593,1047,0,1339,1564,0
47.446391105651855,1769,1292.1214279905269,1256,0,1593,1033,0,1339,1556,0
47.507816314697266,1770,1293.647857786665,1251,0,1590,839,0,1337,1558,0
47.57038617134094,1771,1294.9596673049691,1239,0,1578,823,0,1337,1554,0
47.63206458091736,1772,1295.9247899422,1237,0,1555,811,0,1335,1547,0
47.69277501106262,1773,1296.3612982467948,1235,0,1512,668,0,1334,1532,0
47.7546968460083,1774,1295.9531002990068,1229,10,1516,719,0,1327,1511,0
47.81689238548279,1775,1295.5710959925345,1211,0,1529,693,0,1325,1513,0
47.8783164024353,1776,1295.096933656334,1228,0,1527,700,0,1324,1510,0
47.93987965583801,1777,1293.9531727156482,1229,0,1526,691,0,1325,1485,0
48.000961780548096,1778,1292.7661348828158,1227,0,1518,716,0,1325,1481,0
48.06284427642822,1779,1303.0890115488269,1368,0,1683,1625,0,1455,1743,0
48.12447690963745,1780,1325.7611966456038,1471,2,1691,1722,0,1719,1891,341
48.186487674713135,1781,1337.9482070554295,1477,79,1663,1706,0,1470,1823,415
48.246907234191895,1782,1346.8214320858267,1460,83,1652,1672,0,1438,1763,467
48.30940294265747,1783,1353.5210472010883,1427,73,1645,1645,0,1419,1725,487
48.369986057281494,1784,1357.9473554609258,1420,48,1644,1587,0,1413,1672,445
48.431816816329956,1785,1361.2846032053324,1419,43,1627,1516,0,1383,1673,459
48.49338483810425,1786,1363.418917732333,1420,51,1622,1403,0,1373,1651,440
48.55379390716553,1787,1365.0516790845575,1405,55,1623,1403,0,1368,1644,435
48.61579513549805,1788,1364.841272128531,1381,85,1623,1395,0,1391,1561,439
48.677449226379395,1789,1365.4231447076077,1371,71,1620,1372,0,1358,1621,436
48.73881649971008,1790,1365.4455770602704,1375,55,1598,1369,0,1343,1618,437
48.80013346672058,1791,1365.5949078893032,1355,75,1625,1359,0,1349,1617,431
48.86170530319214,1792,1364.3112719174837,1368,71,1612,1343,0,1339,1577,443
48.92256164550781,1793,1363.0750042864727,1367,55,1610,1338,0,1340,1575,441
48.985294818878174,1794,1361.5213857771973,1363,71,1608,1297,0,1334,1567,445
49.04581689834595,1795,1359.9741246836654,1365,71,1599,1273,0,1333,1565,443
49.1083345413208,1796,1358.3511434605982,1364,51,1573,1273,0,1335,1557,443
49.169997692108154,1797,1356.8731420669912,1352,70,1578,1268,0,1336,1557,447
49.23238706588745,1798,1355.061217117028,1339,0,1593,1250,0,1336,1543,440
49.29336166381836,1799,1376.1747131070504,1515,68,1690,1725,0,1737,1886,820
49.354087114334106,1800,1393.308283662595,1499,81,1669,1721,0,1683,1848,840
49.41510319709778,1801,1404.1768086897266,1503,84,1663,1736,0,1518,1831,889
49.476783752441406,1802,1412.5540973241248,1483,84,1654,1707,0,1485,1801,904
49.53903865814209,1803,1418.9966905329054,1469,51,1639,1707,0,1477,1763,885
49.60168790817261,1804,1423.8737445155875,1437,44,1631,1701,0,1453,1748,880
49.66200137138367,1805,1427.9974105074778,1429,61,1633,1693,0,1450,1735,889
49.72408604621887,1806,1429.7097214270436,1427,70,1625,1685,0,1437,1676,873
49.78569316864014,1807,1430.9971438202308,1420,75,1636,1679,0,1443,1662,845
49.84753751754761,1808,1431.563180731004,1421,68,1639,1672,0,1423,1661,836
49.91071057319641,1809,1432.0608111526674,1419,69,1657,1673,0,1431,1652,835
49.972790241241455,1810,1431.0447893217897,1419,73,1643,1672,0,1415,1621,797
50.03401303291321,1811,1429.8606228597368,1420,0,1629,1659,0,1400,1628,797
50.095019817352295,1812,1428.3120106716062,1429,0,1627,1667,0,1387,1629,766
50.155988693237305,1813,1426.5244258593539,1423,68,1625,1657,0,1371,1629,810
50.21713733673096,1814,1424.0231854710046,1417,73,1627,1647,0,1365,1612,756
50.27895736694336,1815,1421.119510237367,1419,0,1624,1645,0,1362,1615,563
50.33958387374878,1816,1418.3496589653307,1415,0,1620,1635,0,1357,1619,555
50.40187740325928,1817,1415.5592057441795,1391,0,1623,1615,0,1357,1612,557
50.46275568008423,1818,1412.6211346424354,1388,10,1617,1599,0,1359,1599,555
50.524439334869385,1819,1427.84474129843,1506,52,1659,1719,0,1737,1805,877
50.58757472038269,1820,1441.5489453538937,1499,71,1673,1727,0,1716,1805,901
50.64802265167236,1821,1449.251914361922,1497,61,1661,1711,0,1531,1813,915
50.70992469787598,1822,1456.0405767255988,1481,85,1660,1711,0,1525,1804,921
50.771615743637085,1823,1460.2731248900327,1469,75,1645,1703,0,1477,1781,904
50.83337211608887,1824,1463.1227849377728,1466,69,1653,1715,0,1480,1741,893
50.895262718200684,1825,1465.4162385125337,1448,1,1647,1711,0,1471,1737,895
50.95624136924744,1826,1466.6874921460335,1445,5,1647,1727,0,1461,1715,915
51.01880073547363,1827,1466.5821242867157,1438,6,1609,1711,0,1455,1677,911
51.07943630218506,1828,1465.7134901504292,1437,2,1620,1706,0,1451,1655,907
51.142045974731445,1829,1464.3959939354913,1421,3,1637,1677,0,1448,1641,904
51.20323944091797,1830,1462.6963566854877,1431,13,1628,1679,0,1444,1631,884
51.264986991882324,1831,1461.359542508208,1431,7,1628,1708,0,1447,1636,891
51.32641649246216,1832,1460.382686820389,1427,13,1642,1675,0,1437,1657,875
51.388927698135376,1833,1458.465145626558,1433,10,1623,1676,0,1439,1621,871
51.451247453689575,1834,1456.1689664094736,1431,7,1625,1672,0,1445,1598,869
51.51052498817444,1835,1453.675951630909,1433,1,1627,1671,0,1435,1596,871
51.572524547576904,1836,1451.0891519362126,1432,0,1629,1669,0,1431,1591,874
51.635350942611694,1837,1450.6955005651948,1421,0,1607,1672,0,1449,1643,869
51.69642210006714,1838,1469.9453131765226,1553,85,1711,1743,0,1875,1884,925
51.75769019126892,1839,1489.1761787989228,1566,100,1707,1748,0,1868,1925,1002
51.81958842277527,1840,1504.5420918932848,1559,72,1695,1722,455,1769,1885,1035
51.88035845756531,1841,1517.7290307293006,1559,59,1683,1740,438,1768,1846,1043
51.942471742630005,1842,1526.8496617826895,1525,52,1677,1723,357,1676,1835,1050
52.00330471992493,1843,1531.6311466817494,1523,52,1689,1701,255,1567,1827,1035
52.064963579177856,1844,1535.3416145449835,1531,41,1669,1695,0,1562,1838,968
52.126519441604614,1845,1538.131461027457,1499,47,1660,1700,0,1558,1819,964
52.188942432403564,1846,1540.0743453102043,1483,16,1662,1688,0,1554,1804,925
52.25121331214905,1847,1540.8308519582474,1501,25,1661,1700,0,1531,1789,941
52.31160640716553,1848,1541.1129657447584,1494,40,1662,1699,0,1531,1775,935
52.37191557884216,1849,1538.8043842918405,1469,42,1646,1700,0,1459,1759,933
52.43397402763367,1850,1537.046456569536,1483,47,1649,1701,0,1485,1748,921
52.49533247947693,1851,1533.5345996226097,1451,49,1653,1675,0,1463,1706,921
52.55664944648743,1852,1529.7114089943834,1465,51,1654,1699,0,1463,1688,917
52.61935877799988,1853,1525.9089571754484,1463,53,1651,1693,0,1460,1685,900
52.68071460723877,1854,1521.6796473685365,1465,53,1663,1701,0,1461,1659,920
52.74222230911255,1855,1518.0046548263776,1459,45,1651,1703,0,1471,1659,917
52.80343246459961,1856,1513.7196190877623,1453,45,1623,1694,0,1454,1647,917
52.86461353302002,1857,1509.7037161305284,1451,43,1651,1692,0,1455,1647,905
52.92666745185852,1858,1505.187148985648,1439,45,1643,1705,0,1455,1619,925
52.9873948097229,1859,1521.6432306015347,1607,56,1707,1750,757,1811,1885,1039
53.05049681663513,1860,1536.2703980369354,1618,55,1693,1750,761,1812,1851,1100
53.110907793045044,1861,1549.1976779137756,1614,55,1684,1750,761,1791,1848,1079
53.17252850532532,1862,1560.0703836264336,1609,55,1681,1717,757,1764,1836,1053
53.23445391654968,1863,1566.0219141811906,1592,55,1673,1720,737,1605,1850,1075
53.29591345787048,1864,1570.7077594537216,1584,51,1671,1721,724,1598,1829,1065
53.35710549354553,1865,1574.8741610201698,1567,53,1657,1719,725,1593,1828,1049
53.41867733001709,1866,1578.4756982222632,1563,47,1661,1720,726,1593,1821,1016
53.48070979118347,1867,1581.720707330532,1560,39,1660,1727,725,1593,1819,994
53.541725158691406,1868,1583.7745356221503,1564,54,1656,1720,711,1588,1792,991
53.60363245010376,1869,1585.4778140228273,1566,53,1657,1708,723,1581,1791,984
53.66499304771423,1870,1587.4159738188864,1579,47,1660,1709,721,1582,1801,994
53.72667622566223,1871,1588.4218182489872,1565,51,1645,1705,721,1575,1781,987
53.78790283203125,1872,1589.103526033471,1555,56,1659,1707,716,1575,1773,983
53.85080933570862,1873,1588.8256231435525,1547,47,1662,1709,716,1565,1753,969
53.91161894798279,1874,1588.0959528157812,1555,47,1654,1705,721,1545,1756,973
53.97298264503479,1875,1586.319315442004,1545,47,1653,1704,695,1523,1743,974
54.0344443321228,1876,1582.6907791983624,1545,56,1624,1703,692,1516,1683,973
54.09551978111267,1877,1598.8549507370046,1641,59,1707,1797,932,1907,1931,1049
54.157148361206055,1878,1613.3576950001786,1689,58,1749,1845,922,1911,1899,1125
54.21905469894409,1879,1625.4160088154142,1673,61,1748,1791,921,1892,1866,1127
54.28029441833496,1880,1635.2188332478247,1635,56,1741,1757,921,1834,1875,1109
54.342591524124146,1881,1642.4792185721594,1627,54,1735,1747,905,1785,1861,1099
54.40409779548645,1882,1649.9912381985991,1639,55,1717,1742,919,1779,1887,1131
54.46619772911072,1883,1655.4315789133113,1635,53,1709,1742,916,1769,1848,1079
54.52872061729431,1884,1658.1339828785867,1627,53,1709,1739,915,1691,1844,1081
54.5907838344574,1885,0,0,0,0,0,0,0,0,0
54.651883602142334,1886,0,0,0,0,0,0,0,0,0
54.71385073661804,1887,0,0,0,0,0,0,0,0,0
54.774651527404785,1888,0,0,0,0,0,0,0,0,0
54.83712458610535,1889,0,0,0,0,0,0,0,0,0
54.898319482803345,1890,0,0,0,0,0,0,0,0,0
54.959222078323364,1891,0,0,0,0,0,0,0,0,0
55.02109742164612,1892,0,0,0,0,0,0,0,0,0
55.08232092857361,1893,0,0,0,0,0,0,0,0,0
55.14453935623169,1894,0,0,0,0,0,0,0,0,0
55.206716537475586,1895,0,0,0,0,0,0,0,0,0
55.267751693725586,1896,0,0,0,0,0,0,0,0,0
55.32910442352295,1897,0,0,0,0,0,0,0,0,0
55.39172410964966,1898,0,0,0,0,0,0,0,0,0
55.45279002189636,1899,0,0,0,0,0,0,0,0,0
55.51400279998779,1900,0,0,0,0,0,0,0,0,0
55.57593655586243,1901,0,0,0,0,0,0,0,0,0
55.637675523757935,1902,0,0,0,0,0,0,0,0,0
55.699578046798706,1903,1657.1482669491509,1617,51,1702,1741,902,1577,1839,1079
55.76123404502869,1904,1656.1353834839172,1620,49,1705,1743,893,1579,1833,1097
55.82284665107727,1905,1651.6698695153334,1597,31,1677,1709,763,1579,1736,991
55.884790658950806,1906,1646.6012877253888,1593,41,1683,1725,760,1562,1720,1019
55.94642496109009,1907,1641.6041924981284,1595,43,1689,1723,763,1565,1711,989
56.00807809829712,1908,1636.5048238790134,1594,41,1687,1723,762,1554,1707,995
56.070292949676514,1909,1642.9243279722273,1656,29,1695,1750,915,1779,1843,1069
56.13128447532654,1910,1646.56348081098,1662,53,1699,1751,921,1695,1844,1081
56.19283676147461,1911,1646.6352433666723,1669,45,1696,1749,920,1588,1837,1079
56.255003452301025,1912,1647.177834715467,1673,43,1700,1753,919,1604,1837,1083
56.31582713127136,1913,1647.332679209421,1651,43,1699,1751,919,1595,1835,1072
56.37949180603027,1914,1646.774645608021,1651,47,1683,1753,919,1573,1832,1081
56.44038271903992,1915,1646.905777219031,1651,47,1693,1752,926,1595,1833,1068
56.502341747283936,1916,1646.4072219623963,1639,47,1693,1741,922,1579,1828,1069
56.56398153305054,1917,1661.3703786720264,1769,55,1761,1947,999,1971,1945,1192
56.625709533691406,1918,1676.3329828062988,1791,53,1771,1988,1061,1972,1966,1239
56.68769979476929,1919,1690.2275315267307,1782,56,1771,1956,1068,1965,1965,1275
56.74970054626465,1920,1702.4867047037712,1779,28,1768,1943,1063,1963,1941,1285
56.81165909767151,1921,1714.4142357046808,1784,27,1756,1938,1061,1960,1959,1293
56.87190580368042,1922,1724.100503063683,1769,45,1765,1927,1079,1941,1927,1279
56.93370985984802,1923,1732.2785141602394,1769,40,1747,1909,1067,1928,1912,1267
56.99553871154785,1924,1739.8296637235173,1763,27,1741,1884,1067,1927,1911,1252
57.05666661262512,1925,1745.4116272142635,1766,42,1748,1876,1076,1916,1870,1254
57.119165658950806,1926,1750.6645695777763,1766,46,1766,1854,1071,1924,1865,1239
57.18067502975464,1927,1755.1458371233757,1757,45,1749,1805,1069,1898,1881,1192
57.242026567459106,1928,1758.7066069796997,1742,47,1749,1805,1068,1893,1866,1176
57.30322790145874,1929,1761.8638796285911,1737,46,1749,1789,1077,1887,1865,1177
57.36505103111267,1930,1764.6522973836124,1746,46,1734,1791,1062,1881,1868,1165
57.426156759262085,1931,1765.759648026392,1747,47,1749,1753,1069,1836,1861,1163
57.4880428314209,1932,1766.5275981606678,1740,47,1748,1767,1061,1835,1855,1149
57.5492422580719,1933,1765.0411906222457,1723,45,1740,1765,1052,1751,1863,1162
57.611605644226074,1934,1763.5947456678161,1723,47,1747,1767,1053,1749,1863,1162
57.673961877822876,1935,1761.503174454821,1723,45,1743,1763,1041,1727,1861,1161
57.735466957092285,1936,1757.0315603467689,1711,7,1724,1769,1049,1718,1785,1141
57.796968936920166,1937,1765.6340104939097,1797,41,1773,1972,1115,1963,1963,1229
57.85946536064148,1938,1774.2386368346774,1789,54,1779,1945,1130,1963,1973,1304
57.92113947868347,1939,1780.93773129321,1791,55,1769,1951,1107,1957,1938,1273
57.983642578125,1940,1786.533177598581,1789,37,1771,1944,1122,1957,1914,1267
58.0448477268219,1941,1791.3233038761205,1785,54,1764,1941,1119,1943,1913,1267
58.106152296066284,1942,1795.4822910761497,1804,41,1756,1931,1121,1935,1909,1274
58.167301416397095,1943,1799.5260724646382,1802,59,1769,1927,1094,1943,1909,1273
58.228426694869995,1944,1802.0328227415255,1802,24,1755,1919,1092,1930,1880,1257
58.28977870941162,1945,1803.6757755546,1801,41,1749,1909,1121,1915,1869,1247
58.35172915458679,1946,1804.9712097620165,1788,51,1747,1902,1081,1903,1877,1244
58.41383194923401,1947,1805.7955867091684,1787,47,1747,1896,1079,1900,1868,1233
58.47599220275879,1948,1806.4999784978859,1783,37,1743,1897,1076,1903,1865,1213
58.53718400001526,1949,1807.115418622458,1784,54,1747,1892,1070,1901,1867,1204
58.59878730773926,1950,1807.6534485620382,1784,47,1753,1880,1075,1898,1869,1196
58.66070628166199,1951,1807.9119448858905,1780,43,1747,1865,1100,1893,1863,1197
58.722339153289795,1952,1807.7688399553258,1775,41,1737,1867,1079,1881,1864,1196
58.7845516204834,1953,1807.5561650954,1774,45,1745,1847,1079,1871,1871,1199
58.84574842453003,1954,1805.7354125177665,1776,39,1739,1791,1085,1821,1865,1197
58.90699338912964,1955,1801.9751719870278,1776,29,1742,1801,1092,1752,1863,1195
58.96955490112305,1956,1803.8172478668205,1785,45,1761,1867,1086,1893,1906,1199
59.03155446052551,1957,1809.6771013440127,1791,43,1775,1972,1183,1967,1960,1240
59.09282970428467,1958,1815.3388571165642,1813,52,1773,1974,1341,1966,1945,1303
59.154510259628296,1959,1820.0014477165082,1812,30,1775,1955,1215,1961,1941,1301
59.21669602394104,1960,1824.382345314219,1805,75,1775,1943,1203,1959,1945,1299
59.27810335159302,1961,1828.1437797602355,1815,56,1772,1945,1203,1959,1933,1303
59.339354515075684,1962,1831.2029969714197,1802,42,1771,1941,1197,1949,1929,1291
59.40103793144226,1963,1833.3542151714958,1803,57,1764,1941,1179,1944,1912,1285
59.46451759338379,1964,1835.3323906626977,1813,58,1756,1945,1181,1943,1913,1271
59.52481150627136,1965,1836.7344458922478,1783,56,1765,1938,1164,1939,1901,1294
59.586251974105835,1966,1837.859859320371,1784,53,1758,1937,1179,1937,1897,1275
59.64810585975647,1967,1838.7584672504772,1775,53,1765,1931,1179,1933,1896,1272
59.708406925201416,1968,1839.1560631985226,1785,57,1764,1929,1181,1929,1885,1268
59.771042346954346,1969,1838.4576907566652,1775,55,1759,1919,1175,1911,1867,1267
59.83266854286194,1970,1837.6116252481797,1781,53,1762,1916,1178,1903,1869,1258
59.894633769989014,1971,1836.5456743883617,1781,54,1755,1908,1173,1897,1866,1259
59.95633935928345,1972,1835.4722884419905,1779,53,1755,1895,1159,1899,1863,1257
60.017942667007446,1973,1834.5786178742546,1786,51,1763,1903,1167,1901,1865,1247
60.07994341850281,1974,1833.316444615017,1785,47,1752,1897,1173,1902,1849,1245
60.14043569564819,1975,1836.347081472733,1815,46,1771,1975,1207,1964,1925,1275
60.202290058135986,1976,1842.8292096169134,1804,31,1773,1993,1469,2003,1979,1333
60.26438856124878,1977,1849.6012449385862,1831,36,1780,2009,1501,2029,1980,1273
60.32673978805542,1978,1854.7428495040099,1852,29,1776,1995,1523,1979,1982,1321
60.38865876197815,1979,1859.2336777639885,1861,53,1779,1989,1493,1975,1978,1321
60.45021414756775,1980,1862.7654768065795,1833,37,1774,1983,1479,1971,1959,1335
60.51205658912659,1981,1865.773133274276,1839,47,1771,1981,1467,1972,1947,1355
60.57433366775513,1982,1868.3807007659098,1849,57,1772,1973,1459,1964,1949,1352
60.63516306877136,1983,1870.876361995659,1839,55,1773,1971,1455,1964,1951,1355
60.69833707809448,1984,1873.2352133886081,1835,44,1773,1963,1467,1981,1935,1341
60.759355545043945,1985,1874.6668385540322,1832,34,1771,1959,1453,1959,1931,1349
60.82115316390991,1986,1876.0211816656058,1835,47,1769,1945,1444,1958,1933,1353
60.88274049758911,1987,1876.9969408462694,1833,33,1769,1942,1445,1957,1925,1342
60.94444727897644,1988,1877.4229857591579,1831,61,1769,1947,1449,1951,1914,1341
61.00556969642639,1989,1877.8187750380841,1823,52,1769,1947,1436,1949,1917,1343
61.06763291358948,1990,1878.122081187223,1827,55,1771,1945,1405,1952,1915,1341
61.12852478027344,1991,1878.843440188944,1827,53,1771,1943,1289,1960,1932,1357
61.190436601638794,1992,1878.4801397438462,1829,46,1771,1941,1259,1945,1916,1341
61.252556562423706,1993,1878.5164154116294,1829,46,1769,1943,1239,1945,1931,1340
61.31409311294556,1994,1877.649080974786,1823,37,1769,1947,1238,1933,1913,1332
61.37584185600281,1995,1876.913238548094,1832,14,1766,1919,1437,1939,1891,1319
61.437642335891724,1996,1879.4855646870826,1877,53,1775,1997,1503,1967,1965,1351
61.499258041381836,1997,1880.5890305385271,1869,47,1770,1993,1515,1947,1939,1352
61.562052726745605,1998,1883.4271695605191,1865,52,1769,1995,1517,1957,1989,1369
61.62336277961731,1999,1884.7268894729673,1852,45,1768,1979,1498,1963,1941,1343
61.68489742279053,2000,1885.6748647392767,1871,47,1768,1982,1503,1960,1935,1336
61.74703669548035,2001,1886.9295225945398,1867,51,1769,1980,1512,1961,1944,1353
61.80828523635864,2002,1887.6049024565107,1873,51,1769,1968,1497,1959,1932,1337
61.86982750892639,2003,1888.2486109744998,1869,48,1769,1978,1493,1959,1933,1335
61.93196725845337,2004,1888.4193312280233,1871,51,1767,1973,1487,1959,1919,1333
61.99277353286743,2005,1888.0686615610323,1867,59,1769,1979,1464,1955,1907,1341
62.054208278656006,2006,1888.25384575413,1849,54,1767,1973,1470,1955,1925,1331
62.11666917800903,2007,1888.2813083034264,1851,58,1767,1964,1466,1957,1919,1325
62.178157806396484,2008,1888.2982582953507,1855,55,1762,1962,1465,1951,1925,1323
62.239850759506226,2009,1888.0049428657217,1851,55,1755,1949,1449,1948,1919,1323
62.30111765861511,2010,1888.1037959114074,1850,56,1757,1950,1463,1945,1937,1287
62.363149881362915,2011,1887.4933637752279,1846,53,1763,1950,1458,1939,1916,1321
62.424662351608276,2012,1886.2483282688077,1849,56,1765,1951,1458,1917,1915,1320
62.48715567588806,2013,1884.6981715948552,1853,54,1739,1949,1459,1926,1893,1317
62.54926061630249,2014,1882.6466319876283,1845,52,1765,1944,1451,1919,1882,1299
62.611045598983765,2015,1880.3942256326748,1847,53,1755,1951,1479,1901,1884,1317
62.67178535461426,2016,1878.595531628558,1845,56,1763,1944,1447,1915,1884,1315
62.733181953430176,2017,1876.8247548245354,1846,53,1765,1935,1431,1913,1885,1311
62.79527926445007,2018,1875.1880243408573,1839,56,1757,1941,1437,1912,1886,1312
62.85599756240845,2019,1873.4813148861358,1837,48,1755,1940,1421,1912,1881,1318
62.917564868927,2020,1871.5895293153721,1843,42,1755,1940,1397,1903,1883,1311
62.9808349609375,2021,1869.9416420682965,1840,53,1757,1941,1422,1908,1880,1308
63.040761947631836,2022,1867.7169735615626,1844,58,1753,1942,1453,1880,1882,1303
63.102782249450684,2023,1866.265082339815,1845,48,1755,1941,1383,1895,1895,1309
63.163373947143555,2024,1863.7017309324767,1845,51,1756,1917,1272,1883,1877,1307
63.225600719451904,2025,1861.6003778140848,1845,48,1753,1941,1255,1891,1880,1316
63.286391496658325,2026,1858.9775928150377,1831,47,1805,1944,1235,1866,1886,1301
63.348156213760376,2027,1856.9547913771303,1845,53,1755,1939,1291,1875,1886,1303
63.409499406814575,2028,1853.9855024107012,1843,47,1755,1941,1290,1839,1885,1305
63.47003507614136,2029,1851.5830131528871,1839,51,1755,1949,1261,1847,1893,1303
63.5318329334259,2030,1847.100442335317,1845,55,1754,1917,1279,1781,1881,1299
63.59398412704468,2031,1842.6867556163431,1844,51,1753,1913,1278,1775,1880,1295
63.65598511695862,2032,1838.7604646132481,1847,54,1752,1917,1275,1779,1883,1298
63.717740535736084,2033,1835.126954452685,1849,51,1754,1919,1278,1780,1883,1299
63.78035855293274,2034,1831.5690972413847,1847,60,1753,1916,1275,1779,1880,1288
63.840394020080566,2035,1828.3212136544134,1849,55,1755,1914,1277,1782,1879,1294
63.90181541442871,2036,1826.8334657403916,1839,59,1742,1912,1288,1827,1885,1305
63.96355128288269,2037,1823.609452697728,1847,56,1755,1909,1272,1775,1877,1293
64.02536535263062,2038,1819.3701940712342,1853,45,1749,1909,1209,1775,1842,1287
64.08779740333557,2039,1816.517170936166,1845,53,1751,1941,1275,1767,1881,1293
64.14822626113892,2040,1813.5730468507923,1840,56,1755,1913,1273,1764,1875,1291
64.21009039878845,2041,1810.8936802254243,1843,55,1753,1915,1271,1767,1875,1289
64.27158260345459,2042,1808.2404072279287,1851,57,1753,1912,1285,1765,1871,1285
64.33358478546143,2043,1805.4686316632997,1844,54,1753,1914,1278,1763,1865,1273
64.39588594436646,2044,1802.6122086607743,1843,45,1768,1912,1270,1755,1865,1271
64.45719122886658,2045,1800.764525654932,1845,51,1752,1913,1285,1763,1885,1259
64.51846551895142,2046,1798.9362363376902,1831,47,1749,1901,1305,1765,1876,1275
64.57991552352905,2047,1796.42607112348,1840,50,1750,1911,1291,1740,1875,1275
64.6411566734314,2048,1794.0973980213298,1843,58,1751,1911,1274,1739,1879,1269
64.7026629447937,2049,1791.8714851296354,1839,55,1751,1911,1277,1741,1875,1270
64.76518297195435,2050,1789.598816637856,1832,53,1750,1909,1271,1735,1875,1271
64.82668495178223,2051,1786.8361267953628,1820,55,1749,1911,1259,1711,1875,1305
64.88893795013428,2052,1784.7553173460824,1833,59,1752,1913,1259,1737,1870,1268
64.95109128952026,2053,1782.8546996339628,1811,55,1797,1912,1271,1733,1874,1272
65.01311755180359,2054,1781.0643755150231,1839,56,1749,1907,1268,1737,1871,1261
65.07360935211182,2055,1780.6081450527477,1835,52,1721,1898,1304,1769,1877,1263
65.13577318191528,2056,1779.0407328494707,1838,52,1751,1903,1267,1735,1875,1269
65.19677567481995,2057,1777.104299691047,1823,45,1751,1901,1247,1724,1873,1258
65.25859880447388,2058,1776.3275792636114,1831,56,1748,1907,1271,1733,1897,1259
65.32030415534973,2059,1774.7402526507315,1837,53,1748,1901,1262,1733,1869,1253
65.38231635093689,2060,1773.4560403693795,1838,55,1749,1901,1261,1734,1875,1253
65.44431638717651,2061,1771.8517202259231,1843,51,1751,1902,1259,1727,1870,1237
65.5060248374939,2062,1770.7061937503522,1831,42,1753,1902,1267,1735,1873,1241
65.56779026985168,2063,1769.8208478906356,1831,54,1749,1897,1267,1734,1883,1215
65.62923240661621,2064,1768.4468775280914,1827,51,1751,1900,1268,1727,1870,1227
65.69103765487671,2065,1767.3156623056973,1822,44,1755,1903,1273,1727,1875,1225
65.75179123878479,2066,1766.2395353696338,1829,51,1747,1900,1269,1733,1869,1223
65.81381464004517,2067,1765.2003779048705,1831,53,1747,1900,1266,1725,1876,1225
65.8753309249878,2068,1764.049979053443,1838,53,1746,1899,1271,1727,1867,1229
65.9368851184845,2069,1763.337996522649,1839,55,1738,1897,1270,1735,1873,1215
65.99938130378723,2070,1762.4266923871544,1835,51,1747,1897,1269,1725,1874,1222
66.06112933158875,2071,1761.331773680065,1847,52,1747,1895,1267,1725,1866,1221
66.12305164337158,2072,1760.7037956742925,1829,46,1745,1895,1263,1735,1870,1221
66.18459820747375,2073,1759.8419378670624,1845,45,1742,1893,1269,1726,1869,1221
66.24661254882812,2074,1758.06118297145,1845,45,1746,1875,1191,1705,1865,1215
66.30893039703369,2075,1757.1472242769282,1846,37,1749,1903,1209,1725,1869,1215
66.37090969085693,2076,1756.4552525621584,1846,37,1742,1885,1267,1727,1867,1213
66.43284463882446,2077,1755.5714254831687,1848,45,1740,1883,1262,1724,1864,1197
66.495112657547,2078,1754.7880642458408,1848,30,1737,1884,1269,1721,1866,1215
66.55571627616882,2079,1754.200809056314,1834,54,1739,1882,1271,1725,1866,1223
66.61738920211792,2080,1753.38872800942,1851,52,1739,1878,1269,1722,1861,1215
66.6788420677185,2081,1752.5470877693006,1849,47,1721,1879,1264,1720,1861,1212
66.74019026756287,2082,1751.8819591100664,1847,47,1738,1869,1275,1721,1863,1213
66.80218625068665,2083,1750.9590836267707,1836,31,1737,1874,1205,1718,1863,1210
66.8637342453003,2084,1751.014211071685,1848,47,1738,1877,1191,1753,1861,1209
66.92513012886047,2085,1749.939927322593,1835,27,1739,1877,1209,1719,1855,1205
66.98611783981323,2086,1748.9345792537201,1835,46,1741,1869,1205,1720,1855,1199
67.04816126823425,2087,1747.96457562054,1837,54,1740,1871,1203,1720,1853,1211
67.10967421531677,2088,1746.896393698459,1839,51,1737,1869,1204,1721,1847,1205
67.17208909988403,2089,1745.0858934865873,1829,39,1735,1885,1180,1719,1830,1141
67.23382306098938,2090,1743.6599141658762,1823,43,1737,1868,1199,1718,1832,1204
67.29582667350769,2091,1742.3429390953095,1839,56,1743,1867,1203,1717,1833,1206
67.3584086894989,2092,1741.4517351991412,1839,44,1735,1867,1204,1719,1842,1212
67.42000532150269,2093,1740.2472889824462,1845,82,1739,1874,1199,1719,1831,1200
67.48181962966919,2094,1739.1697159494145,1845,50,1735,1868,1197,1717,1835,1199
67.54216289520264,2095,1738.1175380970244,1839,43,1736,1865,1195,1716,1835,1196
67.60458016395569,2096,1737.3341346321258,1844,52,1735,1851,1197,1719,1839,1193
67.66671061515808,2097,1736.4784969649083,1861,41,1739,1851,1195,1719,1835,1193
67.72890281677246,2098,1735.5260925766124,1843,35,1735,1851,1199,1715,1833,1197
67.79061985015869,2099,1734.6902216503988,1844,53,1737,1848,1203,1718,1832,1192
67.85136890411377,2100,1733.6950633943727,1849,44,1735,1870,1205,1715,1827,1197
